{
  "feature_names": [
    "temperature_c",
    "humidity_pct",
    "wind_dir_sin",
    "wind_dir_cos",
    "wind_speed_ms",
    "icing_flag",
    "hour_sin",
    "hour_cos",
    "doy_sin",
    "doy_cos"
  ],
  "mean": [
    2.5025770518872172,
    81.6569634665193,
    0.014632417468974562,
    -0.10428831933511425,
    4.736971589509431,
    0.07361959105405784,
    -0.00019217089449617862,
    -9.764839317280991e-05,
    0.20332434472515368,
    0.06197610034675704
  ],
  "std": [
    9.994948194154578,
    15.25352864503835,
    0.6657802845579454,
    0.7386788554597634,
    3.271653348052459,
    0.26115081249512906,
    0.7070088170816281,
    0.7072046988692299,
    0.6977207261506914,
    0.6841081508998332
  ],
  "fit_on_n_rows": 300382,
  "fit_on_n_stations": 28
}